model,train_acc,test_acc,test_acc_std,test_f1,test_f1_std,overfit_gap,diagnosis
SVM (RBF),0.4325,0.395,0.0358817502360183,0.38720509368775263,0.041406052397223794,0.03749999999999998,HIGH BIAS (underfitting)
Logistic Regression,0.434375,0.3875,0.03446012188022554,0.3845907706692205,0.04106587212277447,0.046875,HIGH BIAS (underfitting)
KNN (k=5),0.53625,0.3875,0.06754628043053147,0.3777599600337817,0.0625976283697834,0.14875,HIGH BIAS (underfitting)
Gradient Boosting,0.58125,0.3575,0.04911720676097124,0.3574515149851946,0.04612595080807954,0.22375000000000006,HIGH BIAS (underfitting)
Decision Tree,0.5862499999999999,0.34,0.035707142142714254,0.33459854674240597,0.032149921389704225,0.2462499999999999,HIGH BIAS (underfitting)
Random Forest,0.5862499999999999,0.325,0.032596012026013234,0.3262416170015207,0.032589100610689786,0.2612499999999999,HIGH BIAS (underfitting)
